timestamp,heart_rate
2024-06-28 08:52:52+02:00,
2024-06-28 08:52:52+02:00,
2024-06-28 08:52:52+02:00,
2024-06-28 08:52:52+02:00,
2024-06-28 08:52:52+02:00,53.0
2024-06-28 08:52:53+02:00,53.0
2024-06-28 08:52:54+02:00,52.0
2024-06-28 08:52:55+02:00,53.0
2024-06-28 08:52:56+02:00,53.0
2024-06-28 08:52:57+02:00,53.0
2024-06-28 08:52:58+02:00,
2024-06-28 08:52:58+02:00,
2024-06-28 08:52:59+02:00,53.0
2024-06-28 08:53:00+02:00,55.0
2024-06-28 08:53:01+02:00,56.0
2024-06-28 08:53:02+02:00,54.0
2024-06-28 08:53:03+02:00,54.0
2024-06-28 08:53:04+02:00,54.0
2024-06-28 08:53:05+02:00,54.0
2024-06-28 08:53:06+02:00,54.0
2024-06-28 08:53:07+02:00,54.0
2024-06-28 08:53:08+02:00,54.0
2024-06-28 08:53:09+02:00,54.0
2024-06-28 08:53:10+02:00,55.0
2024-06-28 08:53:11+02:00,55.0
2024-06-28 08:53:12+02:00,57.0
2024-06-28 08:53:13+02:00,59.0
2024-06-28 08:53:14+02:00,61.0
2024-06-28 08:53:15+02:00,63.0
2024-06-28 08:53:16+02:00,61.0
2024-06-28 08:53:17+02:00,60.0
2024-06-28 08:53:18+02:00,59.0
2024-06-28 08:53:19+02:00,58.0
2024-06-28 08:53:20+02:00,
2024-06-28 08:53:20+02:00,59.0
2024-06-28 08:53:21+02:00,60.0
2024-06-28 08:53:22+02:00,59.0
2024-06-28 08:53:23+02:00,57.0
2024-06-28 08:53:24+02:00,56.0
2024-06-28 08:53:25+02:00,56.0
2024-06-28 08:53:26+02:00,56.0
2024-06-28 08:53:27+02:00,58.0
2024-06-28 08:53:28+02:00,59.0
2024-06-28 08:53:29+02:00,60.0
2024-06-28 08:53:30+02:00,61.0
2024-06-28 08:53:31+02:00,58.0
2024-06-28 08:53:32+02:00,58.0
2024-06-28 08:53:33+02:00,58.0
2024-06-28 08:53:34+02:00,58.0
2024-06-28 08:53:35+02:00,58.0
2024-06-28 08:53:36+02:00,57.0
2024-06-28 08:53:37+02:00,57.0
2024-06-28 08:53:38+02:00,57.0
2024-06-28 08:53:39+02:00,60.0
2024-06-28 08:53:40+02:00,60.0
2024-06-28 08:53:41+02:00,56.0
2024-06-28 08:53:42+02:00,53.0
2024-06-28 08:53:43+02:00,52.0
2024-06-28 08:53:44+02:00,53.0
2024-06-28 08:53:45+02:00,54.0
2024-06-28 08:53:46+02:00,55.0
2024-06-28 08:53:47+02:00,55.0
2024-06-28 08:53:48+02:00,56.0
2024-06-28 08:53:49+02:00,56.0
2024-06-28 08:53:50+02:00,54.0
2024-06-28 08:53:51+02:00,53.0
2024-06-28 08:53:52+02:00,53.0
2024-06-28 08:53:53+02:00,53.0
2024-06-28 08:53:54+02:00,53.0
2024-06-28 08:53:55+02:00,55.0
2024-06-28 08:53:56+02:00,56.0
2024-06-28 08:53:57+02:00,56.0
2024-06-28 08:53:58+02:00,56.0
2024-06-28 08:53:59+02:00,55.0
2024-06-28 08:54:00+02:00,55.0
2024-06-28 08:54:01+02:00,54.0
2024-06-28 08:54:02+02:00,53.0
2024-06-28 08:54:03+02:00,53.0
2024-06-28 08:54:04+02:00,53.0
2024-06-28 08:54:05+02:00,53.0
2024-06-28 08:54:06+02:00,54.0
2024-06-28 08:54:07+02:00,54.0
2024-06-28 08:54:08+02:00,54.0
2024-06-28 08:54:09+02:00,53.0
2024-06-28 08:54:10+02:00,54.0
2024-06-28 08:54:11+02:00,55.0
2024-06-28 08:54:12+02:00,54.0
2024-06-28 08:54:13+02:00,54.0
2024-06-28 08:54:14+02:00,54.0
2024-06-28 08:54:15+02:00,54.0
2024-06-28 08:54:16+02:00,54.0
2024-06-28 08:54:17+02:00,54.0
2024-06-28 08:54:18+02:00,53.0
2024-06-28 08:54:19+02:00,54.0
2024-06-28 08:54:20+02:00,54.0
2024-06-28 08:54:21+02:00,55.0
2024-06-28 08:54:22+02:00,54.0
2024-06-28 08:54:23+02:00,54.0
2024-06-28 08:54:24+02:00,54.0
2024-06-28 08:54:25+02:00,53.0
2024-06-28 08:54:26+02:00,53.0
2024-06-28 08:54:27+02:00,53.0
2024-06-28 08:54:28+02:00,53.0
2024-06-28 08:54:29+02:00,53.0
2024-06-28 08:54:30+02:00,52.0
2024-06-28 08:54:31+02:00,52.0
2024-06-28 08:54:32+02:00,52.0
2024-06-28 08:54:33+02:00,52.0
2024-06-28 08:54:34+02:00,52.0
2024-06-28 08:54:35+02:00,52.0
2024-06-28 08:54:36+02:00,52.0
2024-06-28 08:54:37+02:00,52.0
2024-06-28 08:54:38+02:00,52.0
2024-06-28 08:54:39+02:00,51.0
2024-06-28 08:54:40+02:00,51.0
2024-06-28 08:54:41+02:00,51.0
2024-06-28 08:54:42+02:00,51.0
2024-06-28 08:54:43+02:00,51.0
2024-06-28 08:54:44+02:00,51.0
2024-06-28 08:54:45+02:00,51.0
2024-06-28 08:54:46+02:00,52.0
2024-06-28 08:54:47+02:00,52.0
2024-06-28 08:54:48+02:00,51.0
2024-06-28 08:54:49+02:00,51.0
2024-06-28 08:54:50+02:00,51.0
2024-06-28 08:54:51+02:00,51.0
2024-06-28 08:54:52+02:00,51.0
2024-06-28 08:54:53+02:00,51.0
2024-06-28 08:54:54+02:00,51.0
2024-06-28 08:54:55+02:00,52.0
2024-06-28 08:54:56+02:00,53.0
2024-06-28 08:54:57+02:00,53.0
2024-06-28 08:54:58+02:00,53.0
2024-06-28 08:54:59+02:00,53.0
2024-06-28 08:55:00+02:00,53.0
2024-06-28 08:55:01+02:00,53.0
2024-06-28 08:55:02+02:00,53.0
2024-06-28 08:55:03+02:00,52.0
2024-06-28 08:55:04+02:00,52.0
2024-06-28 08:55:05+02:00,52.0
2024-06-28 08:55:06+02:00,53.0
2024-06-28 08:55:07+02:00,53.0
2024-06-28 08:55:08+02:00,53.0
2024-06-28 08:55:09+02:00,53.0
2024-06-28 08:55:10+02:00,51.0
2024-06-28 08:55:11+02:00,51.0
2024-06-28 08:55:12+02:00,51.0
2024-06-28 08:55:13+02:00,51.0
2024-06-28 08:55:14+02:00,51.0
2024-06-28 08:55:15+02:00,51.0
2024-06-28 08:55:16+02:00,51.0
2024-06-28 08:55:17+02:00,51.0
2024-06-28 08:55:18+02:00,50.0
2024-06-28 08:55:19+02:00,50.0
2024-06-28 08:55:20+02:00,50.0
2024-06-28 08:55:21+02:00,50.0
2024-06-28 08:55:22+02:00,50.0
2024-06-28 08:55:23+02:00,50.0
2024-06-28 08:55:24+02:00,50.0
2024-06-28 08:55:25+02:00,50.0
2024-06-28 08:55:26+02:00,50.0
2024-06-28 08:55:27+02:00,50.0
2024-06-28 08:55:28+02:00,51.0
2024-06-28 08:55:29+02:00,51.0
2024-06-28 08:55:30+02:00,51.0
2024-06-28 08:55:31+02:00,50.0
2024-06-28 08:55:32+02:00,50.0
2024-06-28 08:55:33+02:00,50.0
2024-06-28 08:55:34+02:00,50.0
2024-06-28 08:55:35+02:00,50.0
2024-06-28 08:55:36+02:00,50.0
2024-06-28 08:55:37+02:00,50.0
2024-06-28 08:55:38+02:00,51.0
2024-06-28 08:55:39+02:00,51.0
2024-06-28 08:55:40+02:00,52.0
2024-06-28 08:55:41+02:00,52.0
2024-06-28 08:55:42+02:00,52.0
2024-06-28 08:55:43+02:00,52.0
2024-06-28 08:55:44+02:00,52.0
2024-06-28 08:55:45+02:00,52.0
2024-06-28 08:55:46+02:00,52.0
2024-06-28 08:55:47+02:00,51.0
2024-06-28 08:55:48+02:00,51.0
2024-06-28 08:55:49+02:00,52.0
2024-06-28 08:55:50+02:00,52.0
2024-06-28 08:55:51+02:00,53.0
2024-06-28 08:55:52+02:00,53.0
2024-06-28 08:55:53+02:00,53.0
2024-06-28 08:55:54+02:00,53.0
2024-06-28 08:55:55+02:00,53.0
2024-06-28 08:55:56+02:00,52.0
2024-06-28 08:55:57+02:00,52.0
2024-06-28 08:55:58+02:00,52.0
2024-06-28 08:55:59+02:00,52.0
2024-06-28 08:56:00+02:00,51.0
2024-06-28 08:56:01+02:00,51.0
2024-06-28 08:56:02+02:00,51.0
2024-06-28 08:56:03+02:00,51.0
2024-06-28 08:56:04+02:00,52.0
2024-06-28 08:56:05+02:00,52.0
2024-06-28 08:56:06+02:00,52.0
2024-06-28 08:56:07+02:00,52.0
2024-06-28 08:56:08+02:00,52.0
2024-06-28 08:56:09+02:00,52.0
2024-06-28 08:56:10+02:00,52.0
2024-06-28 08:56:11+02:00,54.0
2024-06-28 08:56:12+02:00,54.0
2024-06-28 08:56:13+02:00,55.0
2024-06-28 08:56:14+02:00,55.0
2024-06-28 08:56:15+02:00,56.0
2024-06-28 08:56:16+02:00,56.0
2024-06-28 08:56:17+02:00,56.0
2024-06-28 08:56:18+02:00,55.0
2024-06-28 08:56:19+02:00,55.0
2024-06-28 08:56:20+02:00,55.0
2024-06-28 08:56:21+02:00,56.0
2024-06-28 08:56:22+02:00,56.0
2024-06-28 08:56:23+02:00,55.0
2024-06-28 08:56:24+02:00,54.0
2024-06-28 08:56:25+02:00,56.0
2024-06-28 08:56:26+02:00,57.0
2024-06-28 08:56:27+02:00,57.0
2024-06-28 08:56:28+02:00,56.0
2024-06-28 08:56:29+02:00,56.0
2024-06-28 08:56:30+02:00,55.0
2024-06-28 08:56:31+02:00,55.0
2024-06-28 08:56:32+02:00,55.0
2024-06-28 08:56:33+02:00,58.0
2024-06-28 08:56:34+02:00,60.0
2024-06-28 08:56:35+02:00,60.0
2024-06-28 08:56:36+02:00,60.0
2024-06-28 08:56:37+02:00,60.0
2024-06-28 08:56:38+02:00,58.0
2024-06-28 08:56:39+02:00,58.0
2024-06-28 08:56:40+02:00,58.0
2024-06-28 08:56:41+02:00,58.0
2024-06-28 08:56:42+02:00,59.0
2024-06-28 08:56:43+02:00,63.0
2024-06-28 08:56:44+02:00,64.0
2024-06-28 08:56:45+02:00,65.0
2024-06-28 08:56:46+02:00,67.0
2024-06-28 08:56:47+02:00,71.0
2024-06-28 08:56:48+02:00,74.0
2024-06-28 08:56:49+02:00,75.0
2024-06-28 08:56:50+02:00,76.0
2024-06-28 08:56:51+02:00,76.0
2024-06-28 08:56:52+02:00,75.0
2024-06-28 08:56:53+02:00,74.0
2024-06-28 08:56:54+02:00,73.0
2024-06-28 08:56:55+02:00,69.0
2024-06-28 08:56:56+02:00,69.0
2024-06-28 08:56:57+02:00,66.0
2024-06-28 08:56:58+02:00,65.0
2024-06-28 08:56:59+02:00,65.0
2024-06-28 08:57:00+02:00,63.0
2024-06-28 08:57:01+02:00,63.0
2024-06-28 08:57:02+02:00,64.0
2024-06-28 08:57:03+02:00,64.0
2024-06-28 08:57:04+02:00,62.0
2024-06-28 08:57:05+02:00,62.0
2024-06-28 08:57:06+02:00,60.0
2024-06-28 08:57:07+02:00,60.0
2024-06-28 08:57:08+02:00,60.0
2024-06-28 08:57:09+02:00,61.0
2024-06-28 08:57:10+02:00,62.0
2024-06-28 08:57:11+02:00,63.0
2024-06-28 08:57:12+02:00,60.0
2024-06-28 08:57:13+02:00,58.0
2024-06-28 08:57:14+02:00,57.0
2024-06-28 08:57:15+02:00,56.0
2024-06-28 08:57:16+02:00,56.0
2024-06-28 08:57:17+02:00,56.0
2024-06-28 08:57:18+02:00,59.0
2024-06-28 08:57:19+02:00,61.0
2024-06-28 08:57:20+02:00,61.0
2024-06-28 08:57:21+02:00,61.0
2024-06-28 08:57:22+02:00,60.0
2024-06-28 08:57:23+02:00,59.0
2024-06-28 08:57:24+02:00,59.0
2024-06-28 08:57:25+02:00,60.0
2024-06-28 08:57:26+02:00,60.0
2024-06-28 08:57:27+02:00,60.0
2024-06-28 08:57:28+02:00,59.0
2024-06-28 08:57:29+02:00,59.0
2024-06-28 08:57:30+02:00,59.0
2024-06-28 08:57:31+02:00,59.0
2024-06-28 08:57:32+02:00,59.0
2024-06-28 08:57:33+02:00,58.0
2024-06-28 08:57:34+02:00,58.0
2024-06-28 08:57:35+02:00,58.0
2024-06-28 08:57:36+02:00,58.0
2024-06-28 08:57:37+02:00,58.0
2024-06-28 08:57:38+02:00,58.0
2024-06-28 08:57:39+02:00,58.0
2024-06-28 08:57:40+02:00,58.0
2024-06-28 08:57:41+02:00,58.0
2024-06-28 08:57:42+02:00,58.0
2024-06-28 08:57:43+02:00,58.0
2024-06-28 08:57:44+02:00,58.0
2024-06-28 08:57:45+02:00,57.0
2024-06-28 08:57:46+02:00,57.0
2024-06-28 08:57:47+02:00,58.0
2024-06-28 08:57:48+02:00,58.0
2024-06-28 08:57:49+02:00,59.0
2024-06-28 08:57:50+02:00,59.0
2024-06-28 08:57:51+02:00,58.0
2024-06-28 08:57:52+02:00,58.0
2024-06-28 08:57:53+02:00,58.0
2024-06-28 08:57:54+02:00,57.0
2024-06-28 08:57:55+02:00,56.0
2024-06-28 08:57:56+02:00,56.0
2024-06-28 08:57:57+02:00,57.0
2024-06-28 08:57:58+02:00,58.0
2024-06-28 08:57:59+02:00,58.0
2024-06-28 08:58:00+02:00,64.0
2024-06-28 08:58:01+02:00,64.0
2024-06-28 08:58:02+02:00,64.0
2024-06-28 08:58:03+02:00,62.0
2024-06-28 08:58:04+02:00,60.0
2024-06-28 08:58:05+02:00,61.0
2024-06-28 08:58:06+02:00,60.0
2024-06-28 08:58:07+02:00,59.0
2024-06-28 08:58:08+02:00,59.0
2024-06-28 08:58:09+02:00,59.0
2024-06-28 08:58:10+02:00,59.0
2024-06-28 08:58:11+02:00,59.0
2024-06-28 08:58:12+02:00,59.0
2024-06-28 08:58:13+02:00,59.0
2024-06-28 08:58:14+02:00,59.0
2024-06-28 08:58:15+02:00,59.0
2024-06-28 08:58:16+02:00,59.0
2024-06-28 08:58:17+02:00,59.0
2024-06-28 08:58:18+02:00,59.0
2024-06-28 08:58:19+02:00,60.0
2024-06-28 08:58:20+02:00,60.0
2024-06-28 08:58:21+02:00,60.0
2024-06-28 08:58:22+02:00,59.0
2024-06-28 08:58:23+02:00,59.0
2024-06-28 08:58:24+02:00,59.0
2024-06-28 08:58:25+02:00,59.0
2024-06-28 08:58:26+02:00,60.0
2024-06-28 08:58:27+02:00,60.0
2024-06-28 08:58:28+02:00,62.0
2024-06-28 08:58:29+02:00,63.0
2024-06-28 08:58:30+02:00,63.0
2024-06-28 08:58:31+02:00,63.0
2024-06-28 08:58:32+02:00,63.0
2024-06-28 08:58:33+02:00,63.0
2024-06-28 08:58:34+02:00,63.0
2024-06-28 08:58:35+02:00,63.0
2024-06-28 08:58:36+02:00,63.0
2024-06-28 08:58:37+02:00,63.0
2024-06-28 08:58:38+02:00,63.0
2024-06-28 08:58:39+02:00,64.0
2024-06-28 08:58:40+02:00,64.0
2024-06-28 08:58:41+02:00,63.0
2024-06-28 08:58:42+02:00,62.0
2024-06-28 08:58:43+02:00,62.0
2024-06-28 08:58:44+02:00,62.0
2024-06-28 08:58:45+02:00,61.0
2024-06-28 08:58:46+02:00,60.0
2024-06-28 08:58:47+02:00,60.0
2024-06-28 08:58:48+02:00,60.0
2024-06-28 08:58:49+02:00,60.0
2024-06-28 08:58:50+02:00,60.0
2024-06-28 08:58:51+02:00,60.0
2024-06-28 08:58:52+02:00,61.0
2024-06-28 08:58:53+02:00,61.0
2024-06-28 08:58:54+02:00,60.0
2024-06-28 08:58:55+02:00,63.0
2024-06-28 08:58:56+02:00,65.0
2024-06-28 08:58:57+02:00,67.0
2024-06-28 08:58:58+02:00,63.0
2024-06-28 08:58:59+02:00,60.0
2024-06-28 08:59:00+02:00,59.0
2024-06-28 08:59:01+02:00,59.0
2024-06-28 08:59:02+02:00,59.0
2024-06-28 08:59:03+02:00,59.0
2024-06-28 08:59:04+02:00,60.0
2024-06-28 08:59:05+02:00,60.0
2024-06-28 08:59:06+02:00,60.0
2024-06-28 08:59:07+02:00,59.0
2024-06-28 08:59:08+02:00,60.0
2024-06-28 08:59:09+02:00,60.0
2024-06-28 08:59:10+02:00,60.0
2024-06-28 08:59:11+02:00,62.0
2024-06-28 08:59:12+02:00,63.0
2024-06-28 08:59:13+02:00,63.0
2024-06-28 08:59:14+02:00,61.0
2024-06-28 08:59:15+02:00,60.0
2024-06-28 08:59:16+02:00,60.0
2024-06-28 08:59:17+02:00,60.0
2024-06-28 08:59:18+02:00,60.0
2024-06-28 08:59:19+02:00,60.0
2024-06-28 08:59:20+02:00,60.0
2024-06-28 08:59:21+02:00,60.0
2024-06-28 08:59:22+02:00,60.0
2024-06-28 08:59:23+02:00,60.0
2024-06-28 08:59:24+02:00,60.0
2024-06-28 08:59:25+02:00,60.0
2024-06-28 08:59:26+02:00,60.0
2024-06-28 08:59:27+02:00,60.0
2024-06-28 08:59:28+02:00,60.0
2024-06-28 08:59:29+02:00,60.0
2024-06-28 08:59:30+02:00,59.0
2024-06-28 08:59:31+02:00,59.0
2024-06-28 08:59:32+02:00,59.0
2024-06-28 08:59:33+02:00,59.0
2024-06-28 08:59:34+02:00,59.0
2024-06-28 08:59:35+02:00,59.0
2024-06-28 08:59:36+02:00,59.0
2024-06-28 08:59:37+02:00,59.0
2024-06-28 08:59:38+02:00,59.0
2024-06-28 08:59:39+02:00,61.0
2024-06-28 08:59:40+02:00,63.0
2024-06-28 08:59:41+02:00,62.0
2024-06-28 08:59:42+02:00,61.0
2024-06-28 08:59:43+02:00,61.0
2024-06-28 08:59:44+02:00,59.0
2024-06-28 08:59:45+02:00,58.0
2024-06-28 08:59:46+02:00,59.0
2024-06-28 08:59:47+02:00,60.0
2024-06-28 08:59:48+02:00,60.0
2024-06-28 08:59:49+02:00,60.0
2024-06-28 08:59:50+02:00,61.0
2024-06-28 08:59:51+02:00,61.0
2024-06-28 08:59:52+02:00,62.0
2024-06-28 08:59:53+02:00,63.0
2024-06-28 08:59:54+02:00,63.0
2024-06-28 08:59:55+02:00,63.0
2024-06-28 08:59:56+02:00,60.0
2024-06-28 08:59:57+02:00,59.0
2024-06-28 08:59:58+02:00,59.0
2024-06-28 08:59:59+02:00,57.0
2024-06-28 09:00:00+02:00,57.0
2024-06-28 09:00:01+02:00,57.0
2024-06-28 09:00:02+02:00,57.0
2024-06-28 09:00:03+02:00,57.0
2024-06-28 09:00:04+02:00,56.0
2024-06-28 09:00:05+02:00,56.0
2024-06-28 09:00:06+02:00,56.0
2024-06-28 09:00:07+02:00,56.0
2024-06-28 09:00:08+02:00,56.0
2024-06-28 09:00:09+02:00,56.0
2024-06-28 09:00:10+02:00,56.0
2024-06-28 09:00:11+02:00,56.0
2024-06-28 09:00:12+02:00,56.0
2024-06-28 09:00:13+02:00,56.0
2024-06-28 09:00:14+02:00,56.0
2024-06-28 09:00:15+02:00,56.0
2024-06-28 09:00:16+02:00,56.0
2024-06-28 09:00:17+02:00,56.0
2024-06-28 09:00:18+02:00,56.0
2024-06-28 09:00:19+02:00,57.0
2024-06-28 09:00:20+02:00,55.0
2024-06-28 09:00:21+02:00,55.0
2024-06-28 09:00:22+02:00,55.0
2024-06-28 09:00:23+02:00,54.0
2024-06-28 09:00:24+02:00,54.0
2024-06-28 09:00:25+02:00,54.0
2024-06-28 09:00:26+02:00,54.0
2024-06-28 09:00:27+02:00,55.0
2024-06-28 09:00:28+02:00,56.0
2024-06-28 09:00:29+02:00,56.0
2024-06-28 09:00:30+02:00,56.0
2024-06-28 09:00:31+02:00,56.0
2024-06-28 09:00:32+02:00,56.0
2024-06-28 09:00:33+02:00,56.0
2024-06-28 09:00:34+02:00,55.0
2024-06-28 09:00:35+02:00,55.0
2024-06-28 09:00:36+02:00,55.0
2024-06-28 09:00:37+02:00,55.0
2024-06-28 09:00:38+02:00,55.0
2024-06-28 09:00:39+02:00,55.0
2024-06-28 09:00:40+02:00,56.0
2024-06-28 09:00:41+02:00,57.0
2024-06-28 09:00:42+02:00,58.0
2024-06-28 09:00:43+02:00,58.0
2024-06-28 09:00:44+02:00,58.0
2024-06-28 09:00:45+02:00,58.0
2024-06-28 09:00:46+02:00,57.0
2024-06-28 09:00:47+02:00,56.0
2024-06-28 09:00:48+02:00,55.0
2024-06-28 09:00:49+02:00,55.0
2024-06-28 09:00:50+02:00,55.0
2024-06-28 09:00:51+02:00,55.0
2024-06-28 09:00:52+02:00,55.0
2024-06-28 09:00:53+02:00,57.0
2024-06-28 09:00:54+02:00,59.0
2024-06-28 09:00:55+02:00,58.0
2024-06-28 09:00:56+02:00,58.0
2024-06-28 09:00:57+02:00,57.0
2024-06-28 09:00:58+02:00,56.0
2024-06-28 09:00:59+02:00,56.0
2024-06-28 09:01:00+02:00,55.0
2024-06-28 09:01:01+02:00,55.0
2024-06-28 09:01:02+02:00,55.0
2024-06-28 09:01:03+02:00,55.0
2024-06-28 09:01:04+02:00,55.0
2024-06-28 09:01:05+02:00,56.0
2024-06-28 09:01:06+02:00,56.0
2024-06-28 09:01:07+02:00,57.0
2024-06-28 09:01:08+02:00,57.0
2024-06-28 09:01:09+02:00,56.0
2024-06-28 09:01:10+02:00,56.0
2024-06-28 09:01:11+02:00,56.0
2024-06-28 09:01:12+02:00,57.0
2024-06-28 09:01:13+02:00,58.0
2024-06-28 09:01:14+02:00,58.0
2024-06-28 09:01:15+02:00,57.0
2024-06-28 09:01:16+02:00,57.0
2024-06-28 09:01:17+02:00,56.0
2024-06-28 09:01:18+02:00,56.0
2024-06-28 09:01:19+02:00,56.0
2024-06-28 09:01:20+02:00,56.0
2024-06-28 09:01:21+02:00,57.0
2024-06-28 09:01:22+02:00,58.0
2024-06-28 09:01:23+02:00,58.0
2024-06-28 09:01:24+02:00,58.0
2024-06-28 09:01:25+02:00,56.0
2024-06-28 09:01:26+02:00,56.0
2024-06-28 09:01:27+02:00,55.0
2024-06-28 09:01:28+02:00,55.0
2024-06-28 09:01:29+02:00,54.0
2024-06-28 09:01:30+02:00,55.0
2024-06-28 09:01:31+02:00,56.0
2024-06-28 09:01:32+02:00,56.0
2024-06-28 09:01:33+02:00,57.0
2024-06-28 09:01:34+02:00,58.0
2024-06-28 09:01:35+02:00,58.0
2024-06-28 09:01:36+02:00,58.0
2024-06-28 09:01:37+02:00,58.0
2024-06-28 09:01:38+02:00,58.0
2024-06-28 09:01:39+02:00,58.0
2024-06-28 09:01:40+02:00,58.0
2024-06-28 09:01:41+02:00,58.0
2024-06-28 09:01:42+02:00,58.0
2024-06-28 09:01:43+02:00,58.0
2024-06-28 09:01:44+02:00,58.0
2024-06-28 09:01:45+02:00,58.0
2024-06-28 09:01:46+02:00,58.0
2024-06-28 09:01:47+02:00,58.0
2024-06-28 09:01:48+02:00,58.0
2024-06-28 09:01:49+02:00,57.0
2024-06-28 09:01:50+02:00,57.0
2024-06-28 09:01:51+02:00,57.0
2024-06-28 09:01:52+02:00,57.0
2024-06-28 09:01:53+02:00,56.0
2024-06-28 09:01:54+02:00,56.0
2024-06-28 09:01:55+02:00,56.0
2024-06-28 09:01:56+02:00,56.0
2024-06-28 09:01:57+02:00,57.0
2024-06-28 09:01:58+02:00,57.0
2024-06-28 09:01:59+02:00,57.0
2024-06-28 09:02:00+02:00,57.0
2024-06-28 09:02:01+02:00,57.0
2024-06-28 09:02:02+02:00,57.0
2024-06-28 09:02:03+02:00,57.0
2024-06-28 09:02:04+02:00,57.0
2024-06-28 09:02:05+02:00,56.0
2024-06-28 09:02:06+02:00,56.0
2024-06-28 09:02:07+02:00,55.0
2024-06-28 09:02:08+02:00,54.0
2024-06-28 09:02:09+02:00,55.0
2024-06-28 09:02:10+02:00,56.0
2024-06-28 09:02:11+02:00,56.0
2024-06-28 09:02:12+02:00,55.0
2024-06-28 09:02:13+02:00,55.0
2024-06-28 09:02:14+02:00,55.0
2024-06-28 09:02:15+02:00,55.0
2024-06-28 09:02:16+02:00,54.0
2024-06-28 09:02:17+02:00,54.0
2024-06-28 09:02:18+02:00,53.0
2024-06-28 09:02:19+02:00,54.0
2024-06-28 09:02:20+02:00,54.0
2024-06-28 09:02:21+02:00,54.0
2024-06-28 09:02:22+02:00,54.0
2024-06-28 09:02:23+02:00,54.0
2024-06-28 09:02:24+02:00,54.0
2024-06-28 09:02:25+02:00,54.0
2024-06-28 09:02:26+02:00,54.0
2024-06-28 09:02:27+02:00,54.0
2024-06-28 09:02:28+02:00,54.0
2024-06-28 09:02:29+02:00,55.0
2024-06-28 09:02:30+02:00,56.0
2024-06-28 09:02:31+02:00,56.0
2024-06-28 09:02:32+02:00,55.0
2024-06-28 09:02:33+02:00,55.0
2024-06-28 09:02:34+02:00,54.0
2024-06-28 09:02:35+02:00,54.0
2024-06-28 09:02:36+02:00,54.0
2024-06-28 09:02:37+02:00,54.0
2024-06-28 09:02:38+02:00,54.0
2024-06-28 09:02:39+02:00,55.0
2024-06-28 09:02:40+02:00,55.0
2024-06-28 09:02:41+02:00,55.0
2024-06-28 09:02:42+02:00,55.0
2024-06-28 09:02:43+02:00,56.0
2024-06-28 09:02:44+02:00,56.0
2024-06-28 09:02:45+02:00,56.0
2024-06-28 09:02:46+02:00,56.0
2024-06-28 09:02:47+02:00,56.0
2024-06-28 09:02:48+02:00,56.0
2024-06-28 09:02:49+02:00,56.0
2024-06-28 09:02:50+02:00,56.0
2024-06-28 09:02:51+02:00,56.0
2024-06-28 09:02:52+02:00,56.0
2024-06-28 09:02:53+02:00,55.0
2024-06-28 09:02:54+02:00,57.0
2024-06-28 09:02:55+02:00,57.0
2024-06-28 09:02:56+02:00,58.0
2024-06-28 09:02:57+02:00,59.0
2024-06-28 09:02:58+02:00,63.0
2024-06-28 09:02:59+02:00,62.0
2024-06-28 09:03:00+02:00,61.0
2024-06-28 09:03:01+02:00,60.0
2024-06-28 09:03:02+02:00,59.0
2024-06-28 09:03:03+02:00,60.0
2024-06-28 09:03:04+02:00,62.0
2024-06-28 09:03:05+02:00,63.0
2024-06-28 09:03:06+02:00,64.0
2024-06-28 09:03:07+02:00,64.0
2024-06-28 09:03:08+02:00,64.0
2024-06-28 09:03:09+02:00,63.0
2024-06-28 09:03:10+02:00,63.0
2024-06-28 09:03:11+02:00,62.0
2024-06-28 09:03:12+02:00,62.0
2024-06-28 09:03:13+02:00,63.0
2024-06-28 09:03:14+02:00,66.0
2024-06-28 09:03:15+02:00,68.0
2024-06-28 09:03:16+02:00,72.0
2024-06-28 09:03:17+02:00,75.0
2024-06-28 09:03:18+02:00,76.0
2024-06-28 09:03:19+02:00,77.0
2024-06-28 09:03:20+02:00,76.0
2024-06-28 09:03:21+02:00,75.0
2024-06-28 09:03:22+02:00,74.0
2024-06-28 09:03:23+02:00,69.0
2024-06-28 09:03:24+02:00,67.0
2024-06-28 09:03:25+02:00,65.0
2024-06-28 09:03:26+02:00,65.0
2024-06-28 09:03:27+02:00,65.0
2024-06-28 09:03:28+02:00,66.0
2024-06-28 09:03:29+02:00,66.0
2024-06-28 09:03:30+02:00,65.0
2024-06-28 09:03:31+02:00,65.0
2024-06-28 09:03:32+02:00,65.0
2024-06-28 09:03:33+02:00,65.0
2024-06-28 09:03:34+02:00,65.0
2024-06-28 09:03:35+02:00,65.0
2024-06-28 09:03:36+02:00,65.0
2024-06-28 09:03:37+02:00,65.0
2024-06-28 09:03:38+02:00,65.0
2024-06-28 09:03:39+02:00,66.0
2024-06-28 09:03:40+02:00,66.0
2024-06-28 09:03:41+02:00,66.0
2024-06-28 09:03:42+02:00,66.0
2024-06-28 09:03:43+02:00,66.0
2024-06-28 09:03:44+02:00,66.0
2024-06-28 09:03:45+02:00,66.0
2024-06-28 09:03:46+02:00,66.0
2024-06-28 09:03:47+02:00,70.0
2024-06-28 09:03:48+02:00,69.0
2024-06-28 09:03:49+02:00,69.0
2024-06-28 09:03:50+02:00,69.0
2024-06-28 09:03:51+02:00,69.0
2024-06-28 09:03:52+02:00,69.0
2024-06-28 09:03:53+02:00,68.0
2024-06-28 09:03:54+02:00,68.0
2024-06-28 09:03:55+02:00,68.0
2024-06-28 09:03:56+02:00,68.0
2024-06-28 09:03:57+02:00,67.0
2024-06-28 09:03:58+02:00,66.0
2024-06-28 09:03:59+02:00,67.0
2024-06-28 09:04:00+02:00,68.0
2024-06-28 09:04:01+02:00,66.0
2024-06-28 09:04:02+02:00,65.0
2024-06-28 09:04:03+02:00,65.0
2024-06-28 09:04:04+02:00,65.0
2024-06-28 09:04:05+02:00,64.0
2024-06-28 09:04:06+02:00,64.0
2024-06-28 09:04:07+02:00,64.0
2024-06-28 09:04:08+02:00,63.0
2024-06-28 09:04:09+02:00,62.0
2024-06-28 09:04:10+02:00,62.0
2024-06-28 09:04:11+02:00,62.0
2024-06-28 09:04:12+02:00,62.0
2024-06-28 09:04:13+02:00,64.0
2024-06-28 09:04:14+02:00,64.0
2024-06-28 09:04:15+02:00,63.0
2024-06-28 09:04:16+02:00,63.0
2024-06-28 09:04:17+02:00,62.0
2024-06-28 09:04:18+02:00,61.0
2024-06-28 09:04:19+02:00,60.0
2024-06-28 09:04:20+02:00,60.0
2024-06-28 09:04:21+02:00,59.0
2024-06-28 09:04:22+02:00,59.0
2024-06-28 09:04:23+02:00,60.0
2024-06-28 09:04:24+02:00,61.0
2024-06-28 09:04:25+02:00,59.0
2024-06-28 09:04:26+02:00,59.0
2024-06-28 09:04:27+02:00,60.0
2024-06-28 09:04:28+02:00,62.0
2024-06-28 09:04:29+02:00,63.0
2024-06-28 09:04:30+02:00,60.0
2024-06-28 09:04:31+02:00,58.0
2024-06-28 09:04:32+02:00,56.0
2024-06-28 09:04:33+02:00,56.0
2024-06-28 09:04:34+02:00,57.0
2024-06-28 09:04:35+02:00,57.0
2024-06-28 09:04:36+02:00,58.0
2024-06-28 09:04:37+02:00,58.0
2024-06-28 09:04:38+02:00,58.0
2024-06-28 09:04:39+02:00,59.0
2024-06-28 09:04:40+02:00,59.0
2024-06-28 09:04:41+02:00,59.0
2024-06-28 09:04:42+02:00,59.0
2024-06-28 09:04:43+02:00,57.0
2024-06-28 09:04:44+02:00,57.0
2024-06-28 09:04:45+02:00,56.0
2024-06-28 09:04:46+02:00,56.0
2024-06-28 09:04:47+02:00,57.0
2024-06-28 09:04:48+02:00,58.0
2024-06-28 09:04:49+02:00,58.0
2024-06-28 09:04:50+02:00,58.0
2024-06-28 09:04:51+02:00,58.0
2024-06-28 09:04:52+02:00,58.0
2024-06-28 09:04:53+02:00,59.0
2024-06-28 09:04:54+02:00,59.0
2024-06-28 09:04:55+02:00,60.0
2024-06-28 09:04:56+02:00,60.0
2024-06-28 09:04:57+02:00,60.0
2024-06-28 09:04:58+02:00,60.0
2024-06-28 09:04:59+02:00,60.0
2024-06-28 09:05:00+02:00,59.0
2024-06-28 09:05:01+02:00,60.0
2024-06-28 09:05:02+02:00,61.0
2024-06-28 09:05:03+02:00,61.0
2024-06-28 09:05:04+02:00,61.0
2024-06-28 09:05:05+02:00,61.0
2024-06-28 09:05:06+02:00,60.0
2024-06-28 09:05:07+02:00,59.0
2024-06-28 09:05:08+02:00,59.0
2024-06-28 09:05:09+02:00,59.0
2024-06-28 09:05:10+02:00,60.0
2024-06-28 09:05:11+02:00,61.0
2024-06-28 09:05:12+02:00,61.0
2024-06-28 09:05:13+02:00,60.0
2024-06-28 09:05:14+02:00,61.0
2024-06-28 09:05:15+02:00,62.0
2024-06-28 09:05:16+02:00,61.0
2024-06-28 09:05:17+02:00,61.0
2024-06-28 09:05:18+02:00,60.0
2024-06-28 09:05:19+02:00,60.0
2024-06-28 09:05:20+02:00,59.0
2024-06-28 09:05:21+02:00,59.0
2024-06-28 09:05:22+02:00,59.0
2024-06-28 09:05:23+02:00,59.0
2024-06-28 09:05:24+02:00,58.0
2024-06-28 09:05:25+02:00,58.0
2024-06-28 09:05:26+02:00,57.0
2024-06-28 09:05:27+02:00,57.0
2024-06-28 09:05:28+02:00,57.0
2024-06-28 09:05:29+02:00,59.0
2024-06-28 09:05:30+02:00,61.0
2024-06-28 09:05:31+02:00,65.0
2024-06-28 09:05:32+02:00,68.0
2024-06-28 09:05:33+02:00,69.0
2024-06-28 09:05:34+02:00,66.0
2024-06-28 09:05:35+02:00,63.0
2024-06-28 09:05:36+02:00,62.0
2024-06-28 09:05:37+02:00,63.0
2024-06-28 09:05:38+02:00,63.0
2024-06-28 09:05:39+02:00,62.0
2024-06-28 09:05:40+02:00,62.0
2024-06-28 09:05:41+02:00,60.0
2024-06-28 09:05:42+02:00,59.0
2024-06-28 09:05:43+02:00,58.0
2024-06-28 09:05:44+02:00,58.0
2024-06-28 09:05:45+02:00,59.0
2024-06-28 09:05:46+02:00,59.0
2024-06-28 09:05:47+02:00,59.0
2024-06-28 09:05:48+02:00,59.0
2024-06-28 09:05:49+02:00,57.0
2024-06-28 09:05:50+02:00,55.0
2024-06-28 09:05:51+02:00,55.0
2024-06-28 09:05:52+02:00,56.0
2024-06-28 09:05:53+02:00,56.0
2024-06-28 09:05:54+02:00,55.0
2024-06-28 09:05:55+02:00,55.0
2024-06-28 09:05:56+02:00,55.0
2024-06-28 09:05:57+02:00,54.0
2024-06-28 09:05:58+02:00,54.0
2024-06-28 09:05:59+02:00,54.0
2024-06-28 09:06:00+02:00,54.0
2024-06-28 09:06:01+02:00,54.0
2024-06-28 09:06:02+02:00,54.0
2024-06-28 09:06:03+02:00,54.0
2024-06-28 09:06:04+02:00,54.0
2024-06-28 09:06:05+02:00,54.0
2024-06-28 09:06:06+02:00,54.0
2024-06-28 09:06:07+02:00,54.0
2024-06-28 09:06:08+02:00,58.0
2024-06-28 09:06:09+02:00,59.0
2024-06-28 09:06:10+02:00,57.0
2024-06-28 09:06:11+02:00,57.0
2024-06-28 09:06:12+02:00,56.0
2024-06-28 09:06:13+02:00,58.0
2024-06-28 09:06:14+02:00,57.0
2024-06-28 09:06:15+02:00,55.0
2024-06-28 09:06:16+02:00,55.0
2024-06-28 09:06:17+02:00,55.0
2024-06-28 09:06:18+02:00,54.0
2024-06-28 09:06:19+02:00,54.0
2024-06-28 09:06:20+02:00,54.0
2024-06-28 09:06:21+02:00,53.0
2024-06-28 09:06:22+02:00,53.0
2024-06-28 09:06:23+02:00,52.0
2024-06-28 09:06:24+02:00,52.0
2024-06-28 09:06:25+02:00,52.0
2024-06-28 09:06:26+02:00,52.0
2024-06-28 09:06:27+02:00,52.0
2024-06-28 09:06:28+02:00,53.0
2024-06-28 09:06:29+02:00,55.0
2024-06-28 09:06:30+02:00,57.0
2024-06-28 09:06:31+02:00,59.0
2024-06-28 09:06:32+02:00,61.0
2024-06-28 09:06:33+02:00,65.0
2024-06-28 09:06:34+02:00,71.0
2024-06-28 09:06:35+02:00,73.0
2024-06-28 09:06:36+02:00,74.0
2024-06-28 09:06:37+02:00,74.0
2024-06-28 09:06:38+02:00,74.0
2024-06-28 09:06:39+02:00,74.0
2024-06-28 09:06:40+02:00,71.0
2024-06-28 09:06:41+02:00,68.0
2024-06-28 09:06:42+02:00,66.0
2024-06-28 09:06:43+02:00,65.0
2024-06-28 09:06:44+02:00,65.0
2024-06-28 09:06:45+02:00,65.0
2024-06-28 09:06:46+02:00,63.0
2024-06-28 09:06:47+02:00,62.0
2024-06-28 09:06:48+02:00,61.0
2024-06-28 09:06:49+02:00,62.0
2024-06-28 09:06:50+02:00,62.0
2024-06-28 09:06:51+02:00,62.0
2024-06-28 09:06:52+02:00,61.0
2024-06-28 09:06:53+02:00,60.0
2024-06-28 09:06:54+02:00,58.0
2024-06-28 09:06:55+02:00,57.0
2024-06-28 09:06:56+02:00,57.0
2024-06-28 09:06:57+02:00,57.0
2024-06-28 09:06:58+02:00,58.0
2024-06-28 09:06:59+02:00,58.0
2024-06-28 09:07:00+02:00,58.0
2024-06-28 09:07:01+02:00,57.0
2024-06-28 09:07:02+02:00,55.0
2024-06-28 09:07:03+02:00,55.0
2024-06-28 09:07:04+02:00,55.0
2024-06-28 09:07:05+02:00,55.0
2024-06-28 09:07:06+02:00,55.0
2024-06-28 09:07:07+02:00,55.0
2024-06-28 09:07:08+02:00,56.0
2024-06-28 09:07:09+02:00,56.0
2024-06-28 09:07:10+02:00,59.0
2024-06-28 09:07:11+02:00,60.0
2024-06-28 09:07:12+02:00,59.0
2024-06-28 09:07:13+02:00,59.0
2024-06-28 09:07:14+02:00,59.0
2024-06-28 09:07:15+02:00,59.0
2024-06-28 09:07:16+02:00,58.0
2024-06-28 09:07:17+02:00,57.0
2024-06-28 09:07:18+02:00,56.0
2024-06-28 09:07:19+02:00,59.0
2024-06-28 09:07:20+02:00,61.0
2024-06-28 09:07:21+02:00,63.0
2024-06-28 09:07:22+02:00,64.0
2024-06-28 09:07:23+02:00,68.0
2024-06-28 09:07:24+02:00,68.0
2024-06-28 09:07:25+02:00,68.0
2024-06-28 09:07:26+02:00,67.0
2024-06-28 09:07:27+02:00,67.0
2024-06-28 09:07:28+02:00,73.0
2024-06-28 09:07:29+02:00,75.0
2024-06-28 09:07:30+02:00,78.0
2024-06-28 09:07:31+02:00,83.0
2024-06-28 09:07:32+02:00,81.0
2024-06-28 09:07:33+02:00,81.0
2024-06-28 09:07:34+02:00,81.0
2024-06-28 09:07:35+02:00,81.0
2024-06-28 09:07:36+02:00,81.0
2024-06-28 09:07:37+02:00,81.0
2024-06-28 09:07:38+02:00,81.0
2024-06-28 09:07:39+02:00,80.0
2024-06-28 09:07:40+02:00,77.0
2024-06-28 09:07:41+02:00,77.0
2024-06-28 09:07:42+02:00,77.0
2024-06-28 09:07:43+02:00,69.0
2024-06-28 09:07:44+02:00,68.0
2024-06-28 09:07:45+02:00,66.0
2024-06-28 09:07:46+02:00,66.0
2024-06-28 09:07:47+02:00,65.0
2024-06-28 09:07:48+02:00,62.0
2024-06-28 09:07:49+02:00,64.0
2024-06-28 09:07:50+02:00,68.0
2024-06-28 09:07:51+02:00,68.0
2024-06-28 09:07:52+02:00,68.0
2024-06-28 09:07:53+02:00,68.0
2024-06-28 09:07:54+02:00,68.0
2024-06-28 09:07:55+02:00,68.0
2024-06-28 09:07:56+02:00,68.0
2024-06-28 09:07:57+02:00,66.0
2024-06-28 09:07:58+02:00,64.0
2024-06-28 09:07:59+02:00,61.0
2024-06-28 09:08:00+02:00,58.0
2024-06-28 09:08:01+02:00,61.0
2024-06-28 09:08:02+02:00,63.0
2024-06-28 09:08:03+02:00,64.0
2024-06-28 09:08:04+02:00,64.0
2024-06-28 09:08:05+02:00,62.0
2024-06-28 09:08:06+02:00,58.0
2024-06-28 09:08:07+02:00,55.0
2024-06-28 09:08:08+02:00,55.0
2024-06-28 09:08:09+02:00,55.0
2024-06-28 09:08:10+02:00,55.0
2024-06-28 09:08:11+02:00,55.0
2024-06-28 09:08:12+02:00,56.0
2024-06-28 09:08:13+02:00,58.0
2024-06-28 09:08:14+02:00,58.0
2024-06-28 09:08:15+02:00,59.0
2024-06-28 09:08:16+02:00,58.0
2024-06-28 09:08:17+02:00,56.0
2024-06-28 09:08:18+02:00,55.0
2024-06-28 09:08:19+02:00,54.0
2024-06-28 09:08:20+02:00,54.0
2024-06-28 09:08:21+02:00,53.0
2024-06-28 09:08:22+02:00,53.0
2024-06-28 09:08:23+02:00,53.0
2024-06-28 09:08:24+02:00,54.0
2024-06-28 09:08:25+02:00,55.0
2024-06-28 09:08:26+02:00,58.0
2024-06-28 09:08:27+02:00,60.0
2024-06-28 09:08:28+02:00,59.0
2024-06-28 09:08:29+02:00,59.0
2024-06-28 09:08:30+02:00,59.0
2024-06-28 09:08:31+02:00,59.0
2024-06-28 09:08:32+02:00,58.0
2024-06-28 09:08:33+02:00,57.0
2024-06-28 09:08:34+02:00,59.0
2024-06-28 09:08:35+02:00,59.0
2024-06-28 09:08:36+02:00,58.0
2024-06-28 09:08:37+02:00,58.0
2024-06-28 09:08:38+02:00,59.0
2024-06-28 09:08:39+02:00,59.0
2024-06-28 09:08:40+02:00,60.0
2024-06-28 09:08:41+02:00,60.0
2024-06-28 09:08:42+02:00,60.0
2024-06-28 09:08:43+02:00,60.0
2024-06-28 09:08:44+02:00,60.0
2024-06-28 09:08:45+02:00,60.0
2024-06-28 09:08:46+02:00,60.0
2024-06-28 09:08:47+02:00,59.0
2024-06-28 09:08:48+02:00,60.0
2024-06-28 09:08:49+02:00,60.0
2024-06-28 09:08:50+02:00,60.0
2024-06-28 09:08:51+02:00,61.0
2024-06-28 09:08:52+02:00,61.0
2024-06-28 09:08:53+02:00,60.0
2024-06-28 09:08:54+02:00,60.0
2024-06-28 09:08:55+02:00,61.0
2024-06-28 09:08:56+02:00,62.0
2024-06-28 09:08:57+02:00,64.0
2024-06-28 09:08:58+02:00,65.0
2024-06-28 09:08:59+02:00,64.0
2024-06-28 09:09:00+02:00,63.0
2024-06-28 09:09:01+02:00,63.0
2024-06-28 09:09:02+02:00,62.0
2024-06-28 09:09:03+02:00,62.0
2024-06-28 09:09:04+02:00,63.0
2024-06-28 09:09:05+02:00,64.0
2024-06-28 09:09:06+02:00,63.0
2024-06-28 09:09:07+02:00,63.0
2024-06-28 09:09:08+02:00,64.0
2024-06-28 09:09:09+02:00,64.0
2024-06-28 09:09:10+02:00,64.0
2024-06-28 09:09:11+02:00,64.0
2024-06-28 09:09:12+02:00,63.0
2024-06-28 09:09:13+02:00,63.0
2024-06-28 09:09:14+02:00,62.0
2024-06-28 09:09:15+02:00,62.0
2024-06-28 09:09:16+02:00,63.0
2024-06-28 09:09:17+02:00,63.0
2024-06-28 09:09:18+02:00,63.0
2024-06-28 09:09:19+02:00,63.0
2024-06-28 09:09:20+02:00,63.0
2024-06-28 09:09:21+02:00,64.0
2024-06-28 09:09:22+02:00,63.0
2024-06-28 09:09:23+02:00,63.0
2024-06-28 09:09:24+02:00,63.0
2024-06-28 09:09:25+02:00,62.0
2024-06-28 09:09:26+02:00,61.0
2024-06-28 09:09:27+02:00,61.0
2024-06-28 09:09:28+02:00,61.0
2024-06-28 09:09:29+02:00,62.0
2024-06-28 09:09:30+02:00,62.0
2024-06-28 09:09:31+02:00,63.0
2024-06-28 09:09:32+02:00,62.0
2024-06-28 09:09:33+02:00,62.0
2024-06-28 09:09:34+02:00,62.0
2024-06-28 09:09:35+02:00,62.0
2024-06-28 09:09:36+02:00,63.0
2024-06-28 09:09:37+02:00,64.0
2024-06-28 09:09:38+02:00,63.0
2024-06-28 09:09:39+02:00,63.0
2024-06-28 09:09:40+02:00,66.0
2024-06-28 09:09:41+02:00,68.0
2024-06-28 09:09:42+02:00,73.0
2024-06-28 09:09:43+02:00,76.0
2024-06-28 09:09:44+02:00,76.0
2024-06-28 09:09:45+02:00,77.0
2024-06-28 09:09:46+02:00,79.0
2024-06-28 09:09:47+02:00,80.0
2024-06-28 09:09:48+02:00,81.0
2024-06-28 09:09:49+02:00,82.0
2024-06-28 09:09:50+02:00,83.0
2024-06-28 09:09:51+02:00,84.0
2024-06-28 09:09:52+02:00,84.0
2024-06-28 09:09:53+02:00,81.0
2024-06-28 09:09:54+02:00,78.0
2024-06-28 09:09:55+02:00,74.0
2024-06-28 09:09:56+02:00,72.0
2024-06-28 09:09:57+02:00,70.0
2024-06-28 09:09:58+02:00,67.0
2024-06-28 09:09:59+02:00,66.0
2024-06-28 09:10:00+02:00,65.0
2024-06-28 09:10:01+02:00,65.0
2024-06-28 09:10:02+02:00,63.0
2024-06-28 09:10:03+02:00,59.0
2024-06-28 09:10:04+02:00,57.0
2024-06-28 09:10:05+02:00,58.0
2024-06-28 09:10:06+02:00,59.0
2024-06-28 09:10:07+02:00,60.0
2024-06-28 09:10:08+02:00,61.0
2024-06-28 09:10:09+02:00,60.0
2024-06-28 09:10:10+02:00,59.0
2024-06-28 09:10:11+02:00,58.0
2024-06-28 09:10:12+02:00,58.0
2024-06-28 09:10:13+02:00,58.0
2024-06-28 09:10:14+02:00,58.0
2024-06-28 09:10:15+02:00,60.0
2024-06-28 09:10:16+02:00,60.0
2024-06-28 09:10:17+02:00,60.0
2024-06-28 09:10:18+02:00,60.0
2024-06-28 09:10:19+02:00,60.0
2024-06-28 09:10:20+02:00,60.0
2024-06-28 09:10:21+02:00,60.0
2024-06-28 09:10:22+02:00,60.0
2024-06-28 09:10:23+02:00,60.0
2024-06-28 09:10:24+02:00,60.0
2024-06-28 09:10:25+02:00,60.0
2024-06-28 09:10:26+02:00,60.0
2024-06-28 09:10:27+02:00,60.0
2024-06-28 09:10:28+02:00,59.0
2024-06-28 09:10:29+02:00,59.0
2024-06-28 09:10:30+02:00,59.0
2024-06-28 09:10:31+02:00,59.0
2024-06-28 09:10:32+02:00,59.0
2024-06-28 09:10:33+02:00,59.0
2024-06-28 09:10:34+02:00,59.0
2024-06-28 09:10:35+02:00,59.0
2024-06-28 09:10:36+02:00,59.0
2024-06-28 09:10:37+02:00,60.0
2024-06-28 09:10:38+02:00,61.0
2024-06-28 09:10:39+02:00,62.0
2024-06-28 09:10:40+02:00,63.0
2024-06-28 09:10:41+02:00,62.0
2024-06-28 09:10:42+02:00,62.0
2024-06-28 09:10:43+02:00,62.0
2024-06-28 09:10:44+02:00,62.0
2024-06-28 09:10:45+02:00,62.0
2024-06-28 09:10:46+02:00,61.0
2024-06-28 09:10:47+02:00,60.0
2024-06-28 09:10:48+02:00,60.0
2024-06-28 09:10:49+02:00,61.0
2024-06-28 09:10:50+02:00,62.0
2024-06-28 09:10:51+02:00,61.0
2024-06-28 09:10:52+02:00,61.0
2024-06-28 09:10:53+02:00,62.0
2024-06-28 09:10:54+02:00,62.0
2024-06-28 09:10:55+02:00,62.0
2024-06-28 09:10:56+02:00,62.0
2024-06-28 09:10:57+02:00,62.0
2024-06-28 09:10:58+02:00,61.0
2024-06-28 09:10:59+02:00,62.0
2024-06-28 09:11:00+02:00,63.0
2024-06-28 09:11:01+02:00,62.0
2024-06-28 09:11:02+02:00,61.0
2024-06-28 09:11:03+02:00,60.0
2024-06-28 09:11:04+02:00,60.0
2024-06-28 09:11:05+02:00,59.0
2024-06-28 09:11:06+02:00,59.0
2024-06-28 09:11:07+02:00,59.0
2024-06-28 09:11:08+02:00,59.0
2024-06-28 09:11:09+02:00,59.0
2024-06-28 09:11:10+02:00,59.0
2024-06-28 09:11:11+02:00,60.0
2024-06-28 09:11:12+02:00,60.0
2024-06-28 09:11:13+02:00,60.0
2024-06-28 09:11:14+02:00,60.0
2024-06-28 09:11:15+02:00,60.0
2024-06-28 09:11:16+02:00,61.0
2024-06-28 09:11:17+02:00,63.0
2024-06-28 09:11:18+02:00,63.0
2024-06-28 09:11:19+02:00,64.0
2024-06-28 09:11:20+02:00,63.0
2024-06-28 09:11:21+02:00,62.0
2024-06-28 09:11:22+02:00,62.0
2024-06-28 09:11:23+02:00,61.0
2024-06-28 09:11:24+02:00,61.0
2024-06-28 09:11:25+02:00,61.0
2024-06-28 09:11:26+02:00,61.0
2024-06-28 09:11:27+02:00,61.0
2024-06-28 09:11:28+02:00,61.0
2024-06-28 09:11:29+02:00,60.0
2024-06-28 09:11:30+02:00,59.0
2024-06-28 09:11:31+02:00,59.0
2024-06-28 09:11:32+02:00,59.0
2024-06-28 09:11:33+02:00,59.0
2024-06-28 09:11:34+02:00,59.0
2024-06-28 09:11:35+02:00,58.0
2024-06-28 09:11:36+02:00,58.0
2024-06-28 09:11:37+02:00,60.0
2024-06-28 09:11:38+02:00,61.0
2024-06-28 09:11:39+02:00,58.0
2024-06-28 09:11:40+02:00,57.0
2024-06-28 09:11:41+02:00,56.0
2024-06-28 09:11:42+02:00,55.0
2024-06-28 09:11:43+02:00,55.0
2024-06-28 09:11:44+02:00,56.0
2024-06-28 09:11:45+02:00,57.0
2024-06-28 09:11:46+02:00,57.0
2024-06-28 09:11:47+02:00,58.0
2024-06-28 09:11:48+02:00,59.0
2024-06-28 09:11:49+02:00,59.0
2024-06-28 09:11:50+02:00,59.0
2024-06-28 09:11:51+02:00,56.0
2024-06-28 09:11:52+02:00,56.0
2024-06-28 09:11:53+02:00,55.0
2024-06-28 09:11:54+02:00,55.0
2024-06-28 09:11:55+02:00,55.0
2024-06-28 09:11:56+02:00,55.0
2024-06-28 09:11:57+02:00,57.0
2024-06-28 09:11:58+02:00,58.0
2024-06-28 09:11:59+02:00,59.0
2024-06-28 09:12:00+02:00,60.0
2024-06-28 09:12:01+02:00,60.0
2024-06-28 09:12:02+02:00,59.0
2024-06-28 09:12:03+02:00,59.0
2024-06-28 09:12:04+02:00,58.0
2024-06-28 09:12:05+02:00,58.0
2024-06-28 09:12:06+02:00,58.0
2024-06-28 09:12:07+02:00,59.0
2024-06-28 09:12:08+02:00,61.0
2024-06-28 09:12:09+02:00,66.0
2024-06-28 09:12:10+02:00,66.0
2024-06-28 09:12:11+02:00,66.0
2024-06-28 09:12:12+02:00,66.0
2024-06-28 09:12:13+02:00,64.0
2024-06-28 09:12:14+02:00,60.0
2024-06-28 09:12:15+02:00,60.0
2024-06-28 09:12:16+02:00,58.0
2024-06-28 09:12:17+02:00,58.0
2024-06-28 09:12:18+02:00,57.0
2024-06-28 09:12:19+02:00,57.0
2024-06-28 09:12:20+02:00,57.0
2024-06-28 09:12:21+02:00,57.0
2024-06-28 09:12:22+02:00,57.0
2024-06-28 09:12:23+02:00,58.0
2024-06-28 09:12:24+02:00,58.0
2024-06-28 09:12:25+02:00,58.0
2024-06-28 09:12:26+02:00,57.0
2024-06-28 09:12:27+02:00,57.0
2024-06-28 09:12:28+02:00,57.0
2024-06-28 09:12:29+02:00,57.0
2024-06-28 09:12:30+02:00,58.0
2024-06-28 09:12:31+02:00,58.0
2024-06-28 09:12:32+02:00,58.0
2024-06-28 09:12:33+02:00,58.0
2024-06-28 09:12:34+02:00,58.0
2024-06-28 09:12:35+02:00,58.0
2024-06-28 09:12:36+02:00,59.0
2024-06-28 09:12:37+02:00,59.0
2024-06-28 09:12:38+02:00,59.0
2024-06-28 09:12:39+02:00,58.0
2024-06-28 09:12:40+02:00,58.0
2024-06-28 09:12:41+02:00,57.0
2024-06-28 09:12:42+02:00,57.0
2024-06-28 09:12:43+02:00,59.0
2024-06-28 09:12:44+02:00,59.0
2024-06-28 09:12:45+02:00,60.0
2024-06-28 09:12:46+02:00,61.0
2024-06-28 09:12:47+02:00,61.0
2024-06-28 09:12:48+02:00,60.0
2024-06-28 09:12:49+02:00,59.0
2024-06-28 09:12:50+02:00,58.0
2024-06-28 09:12:51+02:00,58.0
2024-06-28 09:12:52+02:00,58.0
2024-06-28 09:12:53+02:00,59.0
2024-06-28 09:12:54+02:00,60.0
2024-06-28 09:12:55+02:00,60.0
2024-06-28 09:12:56+02:00,60.0
2024-06-28 09:12:57+02:00,60.0
2024-06-28 09:12:58+02:00,59.0
2024-06-28 09:12:59+02:00,58.0
2024-06-28 09:13:00+02:00,59.0
2024-06-28 09:13:01+02:00,59.0
2024-06-28 09:13:02+02:00,59.0
2024-06-28 09:13:03+02:00,62.0
2024-06-28 09:13:04+02:00,63.0
2024-06-28 09:13:05+02:00,61.0
2024-06-28 09:13:06+02:00,60.0
2024-06-28 09:13:07+02:00,59.0
2024-06-28 09:13:08+02:00,59.0
2024-06-28 09:13:09+02:00,59.0
2024-06-28 09:13:10+02:00,59.0
2024-06-28 09:13:11+02:00,59.0
2024-06-28 09:13:12+02:00,60.0
2024-06-28 09:13:13+02:00,59.0
2024-06-28 09:13:14+02:00,59.0
2024-06-28 09:13:15+02:00,59.0
2024-06-28 09:13:16+02:00,57.0
2024-06-28 09:13:17+02:00,57.0
2024-06-28 09:13:18+02:00,57.0
2024-06-28 09:13:19+02:00,55.0
2024-06-28 09:13:20+02:00,55.0
2024-06-28 09:13:21+02:00,54.0
2024-06-28 09:13:22+02:00,54.0
2024-06-28 09:13:23+02:00,56.0
2024-06-28 09:13:24+02:00,56.0
2024-06-28 09:13:25+02:00,58.0
2024-06-28 09:13:26+02:00,60.0
2024-06-28 09:13:27+02:00,61.0
2024-06-28 09:13:28+02:00,60.0
2024-06-28 09:13:29+02:00,60.0
2024-06-28 09:13:30+02:00,61.0
2024-06-28 09:13:31+02:00,61.0
2024-06-28 09:13:32+02:00,60.0
2024-06-28 09:13:33+02:00,60.0
2024-06-28 09:13:34+02:00,59.0
2024-06-28 09:13:35+02:00,59.0
2024-06-28 09:13:36+02:00,58.0
2024-06-28 09:13:37+02:00,60.0
2024-06-28 09:13:38+02:00,61.0
2024-06-28 09:13:39+02:00,61.0
2024-06-28 09:13:40+02:00,61.0
2024-06-28 09:13:41+02:00,61.0
2024-06-28 09:13:42+02:00,61.0
2024-06-28 09:13:43+02:00,61.0
2024-06-28 09:13:44+02:00,61.0
2024-06-28 09:13:45+02:00,61.0
2024-06-28 09:13:46+02:00,61.0
2024-06-28 09:13:47+02:00,60.0
2024-06-28 09:13:48+02:00,60.0
2024-06-28 09:13:49+02:00,59.0
2024-06-28 09:13:50+02:00,59.0
2024-06-28 09:13:51+02:00,58.0
2024-06-28 09:13:52+02:00,58.0
2024-06-28 09:13:53+02:00,58.0
2024-06-28 09:13:54+02:00,58.0
2024-06-28 09:13:55+02:00,57.0
2024-06-28 09:13:56+02:00,57.0
2024-06-28 09:13:57+02:00,56.0
2024-06-28 09:13:58+02:00,56.0
2024-06-28 09:13:59+02:00,55.0
2024-06-28 09:14:00+02:00,55.0
2024-06-28 09:14:01+02:00,55.0
2024-06-28 09:14:02+02:00,55.0
2024-06-28 09:14:03+02:00,56.0
2024-06-28 09:14:04+02:00,57.0
2024-06-28 09:14:05+02:00,58.0
2024-06-28 09:14:06+02:00,58.0
2024-06-28 09:14:07+02:00,58.0
2024-06-28 09:14:08+02:00,58.0
2024-06-28 09:14:09+02:00,58.0
2024-06-28 09:14:10+02:00,59.0
2024-06-28 09:14:11+02:00,59.0
2024-06-28 09:14:12+02:00,59.0
2024-06-28 09:14:13+02:00,59.0
2024-06-28 09:14:14+02:00,58.0
2024-06-28 09:14:15+02:00,58.0
2024-06-28 09:14:16+02:00,58.0
2024-06-28 09:14:17+02:00,57.0
2024-06-28 09:14:18+02:00,57.0
2024-06-28 09:14:19+02:00,57.0
2024-06-28 09:14:20+02:00,57.0
2024-06-28 09:14:21+02:00,56.0
2024-06-28 09:14:22+02:00,56.0
2024-06-28 09:14:23+02:00,56.0
2024-06-28 09:14:24+02:00,56.0
2024-06-28 09:14:25+02:00,56.0
2024-06-28 09:14:26+02:00,58.0
2024-06-28 09:14:27+02:00,59.0
2024-06-28 09:14:28+02:00,60.0
2024-06-28 09:14:29+02:00,58.0
2024-06-28 09:14:30+02:00,56.0
2024-06-28 09:14:31+02:00,56.0
2024-06-28 09:14:32+02:00,60.0
2024-06-28 09:14:33+02:00,62.0
2024-06-28 09:14:34+02:00,62.0
2024-06-28 09:14:35+02:00,62.0
2024-06-28 09:14:36+02:00,65.0
2024-06-28 09:14:37+02:00,67.0
2024-06-28 09:14:38+02:00,67.0
2024-06-28 09:14:39+02:00,67.0
2024-06-28 09:14:40+02:00,67.0
2024-06-28 09:14:41+02:00,67.0
2024-06-28 09:14:42+02:00,68.0
2024-06-28 09:14:43+02:00,69.0
2024-06-28 09:14:44+02:00,66.0
2024-06-28 09:14:45+02:00,65.0
2024-06-28 09:14:46+02:00,66.0
2024-06-28 09:14:47+02:00,68.0
2024-06-28 09:14:48+02:00,69.0
2024-06-28 09:14:49+02:00,68.0
2024-06-28 09:14:50+02:00,68.0
2024-06-28 09:14:51+02:00,66.0
2024-06-28 09:14:52+02:00,65.0
2024-06-28 09:14:53+02:00,65.0
2024-06-28 09:14:54+02:00,64.0
2024-06-28 09:14:55+02:00,64.0
2024-06-28 09:14:56+02:00,64.0
2024-06-28 09:14:57+02:00,65.0
2024-06-28 09:14:58+02:00,66.0
2024-06-28 09:14:59+02:00,66.0
2024-06-28 09:15:00+02:00,66.0
2024-06-28 09:15:01+02:00,63.0
2024-06-28 09:15:02+02:00,61.0
2024-06-28 09:15:03+02:00,60.0
2024-06-28 09:15:04+02:00,61.0
2024-06-28 09:15:05+02:00,62.0
2024-06-28 09:15:06+02:00,62.0
2024-06-28 09:15:07+02:00,61.0
2024-06-28 09:15:08+02:00,60.0
2024-06-28 09:15:09+02:00,63.0
2024-06-28 09:15:10+02:00,64.0
2024-06-28 09:15:11+02:00,64.0
2024-06-28 09:15:12+02:00,59.0
2024-06-28 09:15:13+02:00,58.0
2024-06-28 09:15:14+02:00,58.0
2024-06-28 09:15:15+02:00,59.0
2024-06-28 09:15:16+02:00,60.0
2024-06-28 09:15:17+02:00,60.0
2024-06-28 09:15:18+02:00,62.0
2024-06-28 09:15:19+02:00,62.0
2024-06-28 09:15:20+02:00,63.0
2024-06-28 09:15:21+02:00,59.0
2024-06-28 09:15:22+02:00,59.0
2024-06-28 09:15:23+02:00,58.0
2024-06-28 09:15:24+02:00,56.0
2024-06-28 09:15:25+02:00,56.0
2024-06-28 09:15:26+02:00,56.0
2024-06-28 09:15:27+02:00,57.0
2024-06-28 09:15:28+02:00,57.0
2024-06-28 09:15:29+02:00,58.0
2024-06-28 09:15:30+02:00,58.0
2024-06-28 09:15:31+02:00,59.0
2024-06-28 09:15:32+02:00,61.0
2024-06-28 09:15:33+02:00,61.0
2024-06-28 09:15:34+02:00,59.0
2024-06-28 09:15:35+02:00,59.0
2024-06-28 09:15:36+02:00,56.0
2024-06-28 09:15:37+02:00,55.0
2024-06-28 09:15:38+02:00,54.0
2024-06-28 09:15:39+02:00,54.0
2024-06-28 09:15:40+02:00,56.0
2024-06-28 09:15:41+02:00,58.0
2024-06-28 09:15:42+02:00,59.0
2024-06-28 09:15:43+02:00,58.0
2024-06-28 09:15:44+02:00,55.0
2024-06-28 09:15:45+02:00,53.0
2024-06-28 09:15:46+02:00,53.0
2024-06-28 09:15:47+02:00,53.0
2024-06-28 09:15:48+02:00,53.0
2024-06-28 09:15:49+02:00,53.0
2024-06-28 09:15:50+02:00,54.0
2024-06-28 09:15:51+02:00,54.0
2024-06-28 09:15:52+02:00,53.0
2024-06-28 09:15:53+02:00,52.0
2024-06-28 09:15:54+02:00,52.0
2024-06-28 09:15:55+02:00,52.0
2024-06-28 09:15:56+02:00,51.0
2024-06-28 09:15:57+02:00,51.0
2024-06-28 09:15:58+02:00,51.0
2024-06-28 09:15:59+02:00,51.0
2024-06-28 09:16:00+02:00,51.0
2024-06-28 09:16:01+02:00,51.0
2024-06-28 09:16:02+02:00,51.0
2024-06-28 09:16:03+02:00,51.0
2024-06-28 09:16:04+02:00,51.0
2024-06-28 09:16:05+02:00,52.0
2024-06-28 09:16:06+02:00,52.0
2024-06-28 09:16:07+02:00,52.0
2024-06-28 09:16:08+02:00,52.0
2024-06-28 09:16:09+02:00,52.0
2024-06-28 09:16:10+02:00,53.0
2024-06-28 09:16:11+02:00,54.0
2024-06-28 09:16:12+02:00,55.0
2024-06-28 09:16:13+02:00,56.0
2024-06-28 09:16:14+02:00,56.0
2024-06-28 09:16:15+02:00,55.0
2024-06-28 09:16:16+02:00,55.0
2024-06-28 09:16:17+02:00,54.0
2024-06-28 09:16:18+02:00,53.0
2024-06-28 09:16:19+02:00,52.0
2024-06-28 09:16:20+02:00,52.0
2024-06-28 09:16:21+02:00,52.0
2024-06-28 09:16:22+02:00,54.0
2024-06-28 09:16:23+02:00,56.0
2024-06-28 09:16:24+02:00,56.0
2024-06-28 09:16:25+02:00,57.0
2024-06-28 09:16:26+02:00,57.0
2024-06-28 09:16:27+02:00,57.0
2024-06-28 09:16:28+02:00,56.0
2024-06-28 09:16:29+02:00,56.0
2024-06-28 09:16:30+02:00,54.0
2024-06-28 09:16:31+02:00,54.0
2024-06-28 09:16:32+02:00,53.0
2024-06-28 09:16:33+02:00,53.0
2024-06-28 09:16:34+02:00,54.0
2024-06-28 09:16:35+02:00,54.0
2024-06-28 09:16:36+02:00,55.0
2024-06-28 09:16:37+02:00,55.0
2024-06-28 09:16:38+02:00,55.0
2024-06-28 09:16:39+02:00,56.0
2024-06-28 09:16:40+02:00,57.0
2024-06-28 09:16:41+02:00,57.0
2024-06-28 09:16:42+02:00,57.0
2024-06-28 09:16:43+02:00,57.0
2024-06-28 09:16:44+02:00,57.0
2024-06-28 09:16:45+02:00,56.0
2024-06-28 09:16:46+02:00,56.0
2024-06-28 09:16:47+02:00,55.0
2024-06-28 09:16:48+02:00,55.0
2024-06-28 09:16:49+02:00,55.0
2024-06-28 09:16:50+02:00,55.0
2024-06-28 09:16:51+02:00,55.0
2024-06-28 09:16:52+02:00,55.0
2024-06-28 09:16:53+02:00,55.0
2024-06-28 09:16:54+02:00,55.0
2024-06-28 09:16:55+02:00,55.0
2024-06-28 09:16:56+02:00,55.0
2024-06-28 09:16:57+02:00,55.0
2024-06-28 09:16:58+02:00,55.0
2024-06-28 09:16:59+02:00,55.0
2024-06-28 09:17:00+02:00,55.0
2024-06-28 09:17:01+02:00,55.0
2024-06-28 09:17:02+02:00,55.0
2024-06-28 09:17:03+02:00,55.0
2024-06-28 09:17:04+02:00,55.0
2024-06-28 09:17:05+02:00,55.0
2024-06-28 09:17:06+02:00,55.0
2024-06-28 09:17:07+02:00,55.0
2024-06-28 09:17:08+02:00,54.0
2024-06-28 09:17:09+02:00,54.0
2024-06-28 09:17:10+02:00,54.0
2024-06-28 09:17:11+02:00,55.0
2024-06-28 09:17:12+02:00,55.0
2024-06-28 09:17:13+02:00,54.0
2024-06-28 09:17:14+02:00,54.0
2024-06-28 09:17:15+02:00,54.0
2024-06-28 09:17:16+02:00,54.0
2024-06-28 09:17:17+02:00,54.0
2024-06-28 09:17:18+02:00,54.0
2024-06-28 09:17:19+02:00,55.0
2024-06-28 09:17:20+02:00,55.0
2024-06-28 09:17:21+02:00,55.0
2024-06-28 09:17:22+02:00,54.0
2024-06-28 09:17:23+02:00,54.0
2024-06-28 09:17:24+02:00,54.0
2024-06-28 09:17:25+02:00,54.0
2024-06-28 09:17:26+02:00,54.0
2024-06-28 09:17:27+02:00,54.0
2024-06-28 09:17:28+02:00,54.0
2024-06-28 09:17:29+02:00,54.0
2024-06-28 09:17:30+02:00,54.0
2024-06-28 09:17:31+02:00,54.0
2024-06-28 09:17:32+02:00,54.0
2024-06-28 09:17:33+02:00,57.0
2024-06-28 09:17:34+02:00,59.0
2024-06-28 09:17:35+02:00,60.0
2024-06-28 09:17:36+02:00,61.0
2024-06-28 09:17:37+02:00,62.0
2024-06-28 09:17:38+02:00,65.0
2024-06-28 09:17:39+02:00,68.0
2024-06-28 09:17:40+02:00,68.0
2024-06-28 09:17:41+02:00,67.0
2024-06-28 09:17:42+02:00,65.0
2024-06-28 09:17:43+02:00,64.0
2024-06-28 09:17:44+02:00,63.0
2024-06-28 09:17:45+02:00,65.0
2024-06-28 09:17:45+02:00,
2024-06-28 09:17:45+02:00,
2024-06-28 09:17:45+02:00,
2024-06-28 09:17:45+02:00,
2024-06-28 09:17:49+02:00,
2024-06-28 09:17:49+02:00,
2024-06-28 09:17:49+02:00,
